SPOON,LADLE,CEREAL,LION,TREE,STEREO
ROCKET,MISSILE,ASTRONAUT,BUG,CHEESE,WATER
GARLIC,ONION,VAMPIRE,HOUSE,FOOT,CODE
MILK,LEMONADE,COW,GUITAR,LEAF,WINDOW
SHIP,CANOE,SAILOR,UMBRELLA,BANANA,CHAIR
CAR,BIKE,SEATBELT,SHRIMP,COTTON,BISCUIT
CHAIR,SOFA,LEGS,BREAD,BALL,KEYBOARD
PANTS,DRESS,POCKET,ICE,TEETH,DOG
CUP,BOWL,TEA,LAMP,PHONE,TRUCK
BIRD,BAT,NEST,BONE,RAIN,BRACKET
COW,PIG,GRASS,CHISEL,PARCEL,HOTEL
CROWN,HAT,KING,SHOVEL,NOSE,TENT
SAXOPHONE,HARP,JAZZ,SODA,HAIR,PILOT
WAITRESS,STEWARDESS,RESTAURANT,SWAN,BEACH,CALCIUM
TOOTHBRUSH,COMB,FLOSS,CAKE,CUP,GLASSES
TRUCK,BUS,TRAILER,CLIMATE,CACTUS,CLUB
BICYCLE,CAR,HELMET,FISH,BEER,BANK
SURGEON,BUTCHER,KIDNEY,PENGUIN,MOVIE,HOUSE
CHISEL,KNIFE,SCULPTURE,HAMSTER,BOTTLE,MIRROR
FLY,ANT,WINGS,CEREAL,BUSINESS,CONCRETE
CRIB,BED,BABY,FERRY,BOWL,PATIO
SHOE,GLOVE,FOOT,WALL,CARD,TIGER
CIGARETTES,ALCOHOL,LUNGS,OUTLET,SOCK,CARPET
MONKEY,BEAR,BANANA,AIRPLANE,HAMMER,PLUG
FOOTBALL,BASEBALL,QUARTERBACK,CLOUD,PLANT,NECKLACE
SPIDER,BEE,WEB,PEPPER,SHED,TOILET
RABBI,PASTOR,TEMPLE,DRIVEWAY,GLOVES,APPLE
HAPPY,SAD,SMILE,ROOF,SEED,KEY
TORTILLA,BAGEL,BEANS,COLD,KNOB,SALESMAN
RECEPTIONIST,HOSTESS,TELEPHONE,PARK,HAND,STRING
CAKE,DONUT,CANDLE,BROCHURE,LAKE,DRUM
COOKIE,BISCUIT,CHOCOLATE,PAGE,WAVE,FUR
NEEDLE,PIN,THREAD,WAX,HYDRANT,WRIST
DOG,CAT,BONE,POND,HOOD,QUEEN
BEE,BUTTERFLY,HONEY,ASPHALT,COACH,PLIERS
CAPTAIN,PILOT,SHIP,EAR,BENCH,FREEZER
PANDA,RACOON,BAMBOO,WHIP,FENDER,LAW
CAMEL,ANTELOPE,DESERT,CORK,ENGINE,PAMPHLET
COW,BUFFALO,FARM,SKY,SLIDE,CHALK
RIVER,LAKE,RAPIDS,GLASS,BUDGET,FEATHER
COCONUT,ORANGE,BEACH,CYMBAL,SOCIETY,ROD
BEER,JUICE,PARTY,SHOP,SNOW,WOUND
ROBBERY,TREASON,BANK,STEW,TUB,SHORE
PENCIL,PEN,ERASER,FLUTE,MINT,SHEEP
CROUTONS,BAGEL,SALAD,METAL,SHARK,SPOT
SILVER,GOLD,BULLET,STAIRS,BALLOON,LIBRARY
BISCUITS,TOAST,GRAVY,SNAIL,PELICAN,DANCE
SNOW,RAIN,SLED,CEMETARY,WORK,NOVEL
CITY,VILLAGE,AIRPORT,WHALE,NECK,CABINET
OVEN,MICROWAVE,PAN,SCREEN,BASKETBALL,BOOT
FIELD,COURT,GRASS,GAS,TOAD,SCHOOL
PENGUIN,GOOSE,ICE,VOLCANO,HEAD,BRICK
BOTTLE,CAN,BABY,CLOCK,BERRY,BELL
COMPUTER,TABLET,MOUSE,ATHLETE,COUCH,SALON
SHAMPOO,BLEACH,SHOWER,TEAM,SAUCE,CIRCLE
PACKAGE,CRATE,DELIVERY,TROUT,CHILD,BILL
SUBMARINE,AIRPLANE,OCEAN,SHEET,CROW,DOCTOR
LAWNMOWER,SCISSORS,GRASS,BOMB,AUNT,INTERNET
POLICE,FIREMAN,HANDCUFFS,CARAVAN,CRAB,LAUNDRY
